,Residue_ID,Residue,Probability,Binary
0,B2,P,0.002,0
1,B3,N,0.002,0
2,B4,H,0.002,0
3,B5,L,0.001,0
4,B6,T,0.001,0
5,B7,L,0.001,0
6,B8,E,0.001,0
7,B9,Q,0.001,0
8,B10,I,0.001,0
9,B11,S,0.001,0
10,B12,L,0.004,0
11,B13,F,0.004,0
12,B14,K,0.001,0
13,B15,Q,0.007,0
14,B16,L,0.057,0
15,B17,P,0.013,0
16,B18,G,0.001,0
17,B19,Y,0.002,0
18,B20,W,0.007,0
19,B21,G,0.001,0
20,B22,C,0.000,0
21,B23,K,0.000,0
22,B24,D,0.000,0
23,B25,L,0.000,0
24,B26,N,0.000,0
25,B27,S,0.000,0
26,B28,V,0.000,0
27,B29,F,0.000,0
28,B30,V,0.000,0
29,B31,Y,0.000,0
30,B32,A,0.000,0
31,B33,N,0.005,0
32,B34,Q,0.001,0
33,B35,A,0.000,0
34,B36,Y,0.000,0
35,B37,G,0.000,0
36,B38,E,0.001,0
37,B39,L,0.000,0
38,B40,I,0.000,0
39,B41,G,0.000,0
40,B42,L,0.000,0
41,B43,K,0.003,0
42,B44,R,0.002,0
43,B45,A,0.000,0
44,B46,E,0.001,0
45,B47,D,0.000,0
46,B48,C,0.000,0
47,B49,I,0.000,0
48,B50,G,0.000,0
49,B51,R,0.000,0
50,B52,T,0.000,0
51,B53,D,0.000,0
52,B54,F,0.000,0
53,B55,E,0.000,0
54,B56,M,0.000,0
55,B57,P,0.001,0
56,B58,S,0.000,0
57,B59,P,0.000,0
58,B60,T,0.000,0
59,B61,A,0.000,0
60,B62,A,0.000,0
61,B63,C,0.000,0
62,B64,A,0.000,0
63,B65,A,0.000,0
64,B66,E,0.000,0
65,B67,F,0.000,0
66,B68,Q,0.000,0
67,B69,Q,0.000,0
68,B70,Q,0.000,0
69,B71,D,0.000,0
70,B72,R,0.001,0
71,B73,Y,0.001,0
72,B74,V,0.000,0
73,B75,I,0.000,0
74,B76,E,0.001,0
75,B77,T,0.001,0
76,B78,G,0.001,0
77,B79,H,0.003,0
78,B80,S,0.014,0
79,B81,V,0.000,0
80,B82,K,0.003,0
81,B83,V,0.000,0
82,B84,L,0.000,0
83,B85,D,0.000,0
84,B86,I,0.000,0
85,B87,H,0.000,0
86,B88,P,0.000,0
87,B89,Y,0.000,0
88,B90,P,0.000,0
89,B91,D,0.000,0
90,B92,G,0.000,0
91,B93,H,0.002,0
92,B94,W,0.000,0
93,B95,H,0.000,0
94,B96,A,0.000,0
95,B97,H,0.000,0
96,B98,I,0.000,0
97,B99,F,0.000,0
98,B100,T,0.003,0
99,B101,K,0.000,0
100,B102,T,0.004,0
101,B103,P,0.004,0
102,B104,W,0.002,0
103,B105,R,0.026,0
104,B106,D,0.001,0
105,B107,S,0.002,0
106,B108,Q,0.002,0
107,B109,G,0.003,0
108,B110,K,0.002,0
109,B111,I,0.001,0
110,B112,Q,0.000,0
111,B113,G,0.000,0
112,B114,T,0.000,0
113,B115,I,0.002,0
114,B116,F,0.000,0
115,B117,F,0.040,0
116,B118,G,0.000,0
117,B119,Q,0.004,0
118,B120,D,0.000,0
119,B121,L,0.000,0
120,B122,T,0.001,0
121,B123,D,0.001,0
122,B124,T,0.001,0
123,B125,A,0.002,0
124,B126,I,0.000,0
125,B127,L,0.000,0
126,B128,E,0.000,0
127,B129,V,0.002,0
128,B130,G,0.000,0
129,B131,H,0.000,0
130,B132,W,0.001,0
131,B133,V,0.002,0
132,B134,C,0.001,0
133,B135,R,0.001,0
134,B136,A,0.002,0
135,B137,T,0.007,0
136,B138,G,0.003,0
137,B139,L,0.006,0
138,B140,S,0.001,0
139,B141,T,0.003,0
140,B142,S,0.003,0
141,B143,T,0.004,0
142,B144,T,0.004,0
143,B145,F,0.006,0
144,B153,T,0.013,0
145,B154,L,0.002,0
146,B155,K,0.023,0
147,B156,L,0.015,0
148,B157,T,0.296,1
149,B158,A,0.011,0
150,B159,R,0.364,1
151,B160,E,0.031,0
152,B161,S,0.003,0
153,B162,E,0.003,0
154,B163,V,0.002,0
155,B164,L,0.000,0
156,B165,F,0.001,0
157,B166,L,0.001,0
158,B167,L,0.001,0
159,B168,L,0.000,0
160,B169,Y,0.001,0
161,B170,G,0.002,0
162,B171,K,0.003,0
163,B172,K,0.065,0
164,B173,P,0.028,0
165,B174,Q,0.097,0
166,B175,H,0.002,0
167,B176,I,0.002,0
168,B177,A,0.012,0
169,B178,R,0.015,0
170,B179,V,0.003,0
171,B180,M,0.013,0
172,B181,G,0.059,0
173,B182,I,0.418,1
174,B183,S,0.414,1
175,B184,I,0.142,0
176,B185,K,0.318,1
177,B186,T,0.370,1
178,B187,V,0.003,0
179,B188,E,0.070,0
180,B189,G,0.067,0
181,B190,Y,0.245,1
182,B191,E,0.007,0
183,B192,A,0.011,0
184,B193,K,0.164,0
185,B194,L,0.000,0
186,B195,R,0.028,0
187,B196,S,0.014,0
188,B197,K,0.064,0
189,B198,F,0.001,0
190,B199,G,0.002,0
191,B200,A,0.003,0
192,B201,L,0.031,0
193,B202,S,0.017,0
194,B203,K,0.020,0
195,B204,D,0.003,0
196,B205,Q,0.002,0
197,B206,L,0.000,0
198,B207,I,0.001,0
199,B208,D,0.000,0
200,B209,L,0.002,0
201,B210,A,0.000,0
202,B211,L,0.000,0
203,B212,D,0.000,0
204,B213,R,0.003,0
205,B214,G,0.000,0
206,B215,F,0.001,0
207,B216,G,0.000,0
208,B217,S,0.000,0
209,B218,V,0.000,0
210,B219,I,0.000,0
211,B220,P,0.000,0
212,B221,K,0.002,0
213,B222,T,0.003,0
214,B223,L,0.001,0
215,B224,L,0.000,0
216,B225,R,0.004,0
217,B226,K,0.003,0
218,B227,Q,0.000,0
219,B228,L,0.000,0
220,B229,S,0.000,0
221,B230,V,0.000,0
222,B231,V,0.000,0
223,B232,L,0.000,0
224,B233,S,0.001,0
225,B234,D,0.001,0
226,B235,H,0.005,0
227,B236,T,0.005,0
